ax,ay,az,gx,gy,gz,amp10x,gvec,label
-0.1588233114016014,-0.256904195764624,0.6993796968938871,5.178067543456387,2.2603952144743267,10.84516773730933,7.618113746022854,12.22863170025944,0
0.041646741565838835,-0.45599073894753,1.502026697027524,6.75949637771011,4.1671663257644695,5.215955485739191,15.702694684901633,9.500645141045643,0
-0.21938869297320443,-0.1641095195816634,1.3616161603474497,-3.7945344821458082,1.0524450941887187,9.537517483830506,13.889067287406839,10.318448156910419,0
0.1766825854086446,-0.05686429340245208,0.9981945962099703,-3.5660397096511183,7.461010811278836,9.703008396469357,10.153042577245646,12.74879184388792,0
-0.30143239258358007,0.09827162205037328,0.8409072129824259,12.741809307348115,2.508586113234151,0.622914710532033,8.986900132108644,13.001335756334095,0
-0.0914590776579809,-0.1520641981635172,0.9063556423230051,4.010121038664353,4.020431512288212,3.294786325869862,9.23563118373568,6.565101463258399,0
-0.22485206718737147,0.06170681481155178,1.3081978053768866,3.788853248644091,1.186372321842739,-5.9882628758018,13.288143892604127,7.184857722704149,0
-0.19949572953322886,-0.010461602038490597,0.6233848661274637,3.477987424850723,-9.683001960396812,8.499493605739563,6.546118563973332,13.345348067640499,0
0.7528581915961536,-0.28001580683902844,0.6430556346430112,1.992253265261546,-8.266024230737033,0.8297827811970571,10.289435640399665,8.543112378989765,0
-0.0903564151297509,-0.5656155105052998,1.0652562466411784,3.9010594406738246,-2.319179767244096,12.358115610517483,12.094858653524323,13.1651008729664,0
-0.477619327245829,-0.3652177148102053,0.8542960063379685,-1.4499552080654894,8.485425424335265,11.71318299532006,10.44665433244036,14.536281182586094,0
0.2378266605684901,0.3155062923799717,1.0517991125314454,9.570117156119966,6.0077131474114065,-0.20661398710821288,11.235600180366209,11.301435704507208,0
0.3553988156116882,0.4772109212978519,0.9355190601463305,8.132825831436246,21.57698893686751,-1.088344816932648,11.087084799176061,23.084492674233147,0
-0.3556142009561636,0.10381220470730151,1.162237034428614,0.15640367125115162,4.208301423552336,12.407360689693753,12.19849727616193,13.10255174628253,0
-0.07696510980871948,-0.473114901584304,0.764653054767559,4.667134264010032,1.0536577878950477,3.7918521354560744,9.024719565694845,6.10495533066796,0
-0.2481000321956357,-0.345063237842387,1.004618101143252,7.053749753628215,3.5861619023375955,-0.37257245356866164,10.908161133896126,7.921789760511565,0
-0.19396384119153973,0.6837927538386497,1.067858824294184,6.3329503089020065,1.7500350722583455,3.991685854851891,12.827770540959087,7.687811023495633,0
-0.09718828116742922,0.03234848331903486,1.095397271381137,6.5291293664630725,4.859103783922395,-2.731880743030585,11.001759716147966,8.585079630444948,0
0.08229965424606235,-0.4823461497814041,0.7634908488276368,3.9532152489996966,9.173931448268386,3.7176274084559666,9.068347796271995,10.658784291398078,0
-0.419653104319288,0.061160565010116665,1.166377862789667,9.108598974631821,13.152046153806975,11.221564988036258,12.410828584276567,19.541402562079668,0
-0.40229065605161163,-0.28983517614830373,1.2292233136392394,10.97543302049548,7.979424747202435,6.319970519880936,13.25455452315764,14.969080688399448,0
0.11200817624138322,-0.4046167410336977,1.1710432483793156,9.046813069065113,5.393363940465135,2.4885792993539146,12.440268599368869,10.82248715545968,0
-0.3369215134541303,-0.42736010134876035,1.0308459523258526,3.391734474585767,9.084052721675024,12.813444984586678,11.656741139270608,16.068859603882736,0
0.32110140405790305,0.021397231038636756,1.0927543997922216,11.749057099848468,8.39336473254563,2.4864389679454657,11.39155885491242,14.651665195818465,0
-0.16372537957783548,-0.239099933759447,0.7422012085353014,8.326001835399207,9.959905972061112,-3.4013656371664673,7.967668493310574,13.41981079348984,0
-0.08121235460711772,-0.3348452230256215,1.2525188762972537,7.400139382107964,7.109919478407354,-1.5913236614986204,12.990459212071164,10.384860560436376,0
0.4184983911766543,0.1278016320857164,0.712978370281794,15.278533095061736,-2.6235292289105754,-0.7210114672916381,8.365478570117215,15.518902560677766,0
0.45805790424531695,0.8359100706624553,1.1437745016523495,-10.853507467525255,10.006830572437154,1.6040738358891256,14.888864296871684,14.849523067225876,0
0.037925294282892666,0.37254214802097696,0.7622364060451866,8.625323857724338,4.58241422597592,9.94962456426107,8.492528002304203,13.942372852524151,0
-0.1786318789812997,0.14493111694250047,1.0264122917472869,-2.363573950922646,9.803308219879263,9.03826863192711,10.518728865678153,13.541847500925048,0
-0.2743046207580848,-0.1963149798506375,1.149797574444551,-10.618732097394092,-3.4695088343856355,7.357453160620087,11.982558401616767,13.376362731281848,0
-0.37541844486166726,0.08584207531967544,0.979535163544552,11.230356074858548,12.220678148267819,-11.07620956533352,10.525193619396243,19.953653557853727,0
0.08769854012064326,-0.3924773461879313,0.8874875067278598,8.106588492798622,-0.8310431687935367,5.190101847418963,9.743529010620568,9.66149920698414,0
0.6246404856065653,0.1596760918758601,0.744345633787241,3.8698585638450087,14.998282574307144,1.1587958779378371,9.847449482549699,15.532774812301104,0
-0.06292321315382723,-0.2198772395024198,0.39523545155433715,3.8448400286777424,6.094332601120015,1.8406739895647362,4.566359527787615,7.437188005896925,0
0.09537368173017988,0.02147613597229251,1.0547269919204676,6.299479107867879,1.1719101356316894,2.9865155858705967,10.592480309486858,7.069376616159883,0
-0.07896168931692597,-0.29033168219594196,0.625523592254249,0.12306866503955405,-2.732168246565151,10.128373667081865,6.941233309241004,10.491131605498563,0
-0.16794863859051556,-0.4016007167783481,0.9610796082498001,8.26883783265346,-2.415627404949433,4.853880452935287,10.550658246360175,9.887825358169064,0
0.3097477046018907,0.2839536669453004,1.1518378246514476,-2.9194394890477717,-0.013770138099427065,0.8525167264998288,12.260928593608241,3.0413979213310407,0
0.20405690098728546,-0.22012472416955228,0.534912698967728,13.524783394347546,7.040503936258736,2.1733846273977733,6.133724060863804,15.40169024098014,0
0.31961587687849363,0.4155802249969322,1.2338546995295623,7.085189153475845,0.9985759934050344,5.81673478119566,13.406187570344134,9.221250613116853,0
0.041809138637730336,0.24943446279169343,1.1385741768198387,-3.41978696522375,2.8383182474209647,6.288779175649979,11.663261599667493,7.700632239059719,0
-0.2767316592648874,0.12198354224655952,1.0786138314624472,2.554024912722387,-4.176677614349643,13.382161888438475,11.202089953399842,14.249559149580426,0
0.16294075970455937,-0.07494670318101272,1.2454104291164276,16.23213163808167,-0.5643959664651588,-1.769789022289979,12.5825825506641,16.33807802363522,0
-0.43700345435395765,-0.16144514966984383,0.95064345139405,4.948257636443849,6.6353501317822765,6.38031613753732,10.586593064568042,10.450911875185202,0
-0.3242103495697871,0.11378193280680611,1.0697626444657908,-0.5114476734323992,3.586326940806533,4.677857088110364,11.235883563369008,5.916558677626592,0
0.3101204367034188,0.2565817760765101,1.2371958189600947,16.27189663855387,8.653094511802026,3.6272070543164014,13.010235922257657,18.783165224765547,0
-0.5444011862457776,0.0841941223364597,0.8718755016476074,7.021047876494274,5.2470672031839065,-4.235616788145698,10.313235148075911,9.734848591260915,0
-0.09552717098463899,0.23893773256875758,1.1381976680100174,4.926156399254723,-0.030787816852344108,4.714720118084542,11.669235672934493,6.818837917963435,0
0.01580104436759112,0.3268720007382333,0.5613346344797877,7.262713638329143,0.1783913218339812,12.367124228389812,6.497626872453351,14.343102681655184,0
0.14837662519118525,0.08699367342988078,0.9793065590363144,14.93054521597244,2.6423896268768363,11.141369666225089,9.94296162464432,18.815778522981834,0
-0.29343373815193013,-0.05949087846465742,0.6700616221759459,5.399105134707277,13.410415959980629,6.79232815230929,7.339108262039552,15.972642680658044,0
-0.008228860827154861,0.08486916505653508,0.9009791416939533,2.564091901454339,6.666487032481621,6.282780636624901,9.05004918823914,9.51262052019832,0
-0.11901832550062005,-0.20939355124940506,1.3459308684823683,2.2618395843390564,2.101698351333252,18.373320596998962,13.673115679476682,18.630941039716333,0
-0.20959144149949702,0.6136810498854114,1.0571647122976948,9.596979887679336,10.557629114023719,-2.954101860723034,12.402137849039438,14.570253027224004,0
0.135534742757911,-0.3819984955167051,1.2707981502365286,-0.6356197490449853,3.632444762672787,0.42407961944890893,13.338742278476117,3.7119416674938335,0
-0.31009895402563653,0.1541051751250367,0.9720727103630796,-1.2961203329326274,5.05805149553749,-4.205607257663242,10.319084845666964,6.704546610671013,0
-0.015323082653742312,0.6885876472309921,0.7576362275231516,8.543180686057436,2.598335813753206,0.49551727972651083,10.239142532637386,8.943311613164605,0
0.046829905783604076,-0.19428938415056307,0.7969987534115723,-0.7468289160517605,6.249977885094295,9.493353639647298,8.216741554952952,11.390510977187256,0
0.08638353702155044,0.18199580182773392,0.8315397959479736,12.409257080174804,13.829915148864144,5.266371405727793,8.5559512597751,19.312971860635997,0
-0.13502112706330158,0.02131151242989529,0.9417655234670992,9.079920413187109,9.080773381727893,3.440269500639741,9.516339561547566,13.294391831036943,0
0.02702474195751183,-0.23554832584125396,1.2207278463936069,0.5471958423719663,11.389738078704912,-4.176548568064174,12.435392335769954,12.143686208594518,0
-0.5880112562914465,-0.1594494093168279,1.3685078324282163,2.5096183279332167,-0.9495659147543289,8.667671153402651,14.979970090338316,9.073498928301584,0
-0.35606773723520535,-0.4569486548671179,0.8274922966185586,-1.8303557196863558,14.377854494739584,-2.439808972011348,10.101137597556644,14.697808331598248,0
-0.4054619826245212,0.38744447482494143,1.051342021438048,7.335671774904249,14.115450032163347,4.612471534729968,11.915673235145478,16.56299802748045,0
0.2723187179145221,0.6488109367031849,0.8618741053679204,6.155386772056176,10.637902570646173,4.231235848103322,11.1262756087382,12.998350442207629,0
-0.06390800495843663,0.3376029568032815,1.0631448820584977,3.695444648337035,3.290223932259404,7.849146875727107,11.172900383460254,9.278523123324744,0
-0.6987860754939242,0.29516701810686935,0.8707943125486488,10.966507248282621,7.667216646396939,5.683741210521136,11.54862884783027,14.538067494601814,0
-0.2540764052789779,0.33875667246368085,1.179697158460141,2.719344637831605,4.749507672301584,0.9655406540316545,12.533939079703094,5.5574209075022365,0
-0.5905100052115055,0.44101341439575925,1.0246749320473523,3.2859629603660636,11.630072658815703,4.118621041238873,12.622018912591377,12.767896534181574,0
0.2514616593217323,-0.032448021162660275,1.2583659609901556,8.769276361564492,2.5536049633826594,0.2256486354606011,12.836552231673773,9.136302508191788,0
-0.3675153899583222,-0.07264907197764135,0.9942835396174671,9.192361360345405,7.412278481614543,-0.2423365643400821,10.625183323922789,11.811016327081822,0
-0.2537654874874722,0.003619481154178054,0.8347937372991276,3.2849006069111812,1.6727117768005684,4.368755849131438,8.725196886703618,5.716166928532871,0
-0.2292974916374137,-0.1845103097712453,1.0081707119692451,9.989804850200109,1.8258974813519262,-1.11463723276544,10.502521499885944,10.216286934016484,0
-0.4883436485603094,-0.1737876450136128,1.2252069974307722,7.528802790585942,4.320565695351234,7.60317826008046,13.303435087231797,11.539431486946864,0
0.30791460194694775,-0.5937312688949802,1.0031625768075034,6.848394842942733,1.3021169914926611,7.800385741634299,12.05679632930266,10.461454884607122,0
0.13179492218902467,0.21076631326774983,0.828122831175343,5.994240656019994,3.391214719260417,3.2656596490385255,8.64626950677086,7.622059515496448,0
-0.5159608824396388,-0.2523232024200707,1.0713118836313698,8.858985142785418,3.7967203646655547,11.902642304111613,12.155623318847965,15.315665088633478,0
-0.1709107092809735,-0.09636725176437555,0.6886531647563656,10.9227723165138,6.8273979047038225,-1.2655013187547448,7.160588656587544,12.94302170342476,0
-0.45529218105227964,-0.13620503899841319,0.7806930854815636,6.834208324106806,5.653248505650278,7.389404972353628,9.139608725184164,11.544216211132412,0
0.1365804878848139,-0.3563797206145196,1.363614951531209,5.249587444079057,0.03293267116099674,8.187534056982015,14.16017821560025,9.725994387624468,0
-0.2788730168106994,-0.09686530039968663,0.8087529096430388,-2.44771021037492,4.6181725375789435,3.886687768285974,8.609496586808682,6.513458733189746,0
-0.4139140303327485,-0.004906838169318788,0.6261112289874695,1.6603737622367336,-7.537947525677904,10.56449629704245,7.50575893984958,13.083809687565065,0
-0.1669758683793264,0.15708366863126336,0.7897350852488554,10.857606464885047,-2.8007317190849923,3.6088009772490794,8.223367463786982,11.779438051197358,0
-0.13179899822499785,-0.07977114960481092,1.1261591439836918,3.478057865879033,8.46674996576474,-0.5578042848375784,11.36648067706301,9.17027192188778,0
0.3224660301738212,0.0590633692030259,0.8628474231193235,-2.055301397901383,2.3909410283553245,8.961186632615444,9.230268131432226,9.49966992594237,0
-0.19588739140983039,0.17296536434521623,0.9228892191752432,2.595077302773096,9.53171976108587,3.979919207364903,9.59173288955813,10.650251861265772,0
-0.18363256290079738,0.6236007195118307,0.9984379740021844,4.397743283695328,1.542360960107156,5.784502512014131,11.914181312464464,7.428290020728043,0
-0.03726567685613614,0.2863329503319141,0.9571240849154884,4.699701064248342,8.288538245127697,7.022368000442245,9.997308653045756,11.836414519096428,0
0.40569376389239126,0.14650573461598732,0.9596345237733345,-1.6838272700847545,6.561831160543935,-1.5796866059243229,10.521168088925393,6.956170802093862,0
-0.15778835810373312,0.17639645404871784,1.3181096724466548,8.02191422722655,-1.357611109910697,-1.9152550424670975,13.391885541444346,8.358374104598832,0
0.5064223951591657,0.1443617794563515,1.4556998213468406,1.436689633581988,0.7696860504891312,7.425672204069814,15.480200048952128,7.60244048985946,0
-0.020895025595918385,-0.5501608036923973,0.9334482361771048,2.0731710992138703,6.014295474751593,2.7827251811413296,10.837154246555073,6.943583217474331,0
0.013503270641491264,-0.754979425064507,0.8579789850696923,-2.123874365075263,0.5304533383855956,4.144898632007048,11.42936660279112,4.687473491385543,0
-0.04217134244339049,-0.1401429379591497,1.0832142778564051,11.305072571869205,6.631275016679099,6.825331529054488,10.930560996285932,14.77713181519225,0
-0.07620416362042928,-0.16592844383322017,0.7061822334654324,-7.634065721795482,6.124510157831203,10.557935103760252,7.294056963639849,14.396477964185664,0
0.3424384871223557,0.038171398888921224,0.9701340024190154,9.017764091413962,14.45096161768104,4.263672391821929,10.295052966378186,17.55930702359493,0
-0.4099600886218365,0.4696610734942649,0.7423278586335462,4.012653934637449,2.9820671127414338,7.082672795746539,9.693809611922836,8.66939270051043,0
-0.4293780001197989,-0.0842585119412032,0.6012457823785564,-1.9281301634530292,-2.404643435266082,8.086056215054665,7.436137805671882,8.653571580047734,0
0.06670505281808016,-0.5386838227632073,0.9416140486223818,11.304561438731112,-0.7216081484651635,7.686296298297134,10.868610037816604,13.689155504529634,0
-0.5049150531684411,0.07579172407817442,1.1218370526017225,9.067829582251482,-0.6989701228141145,2.5583498470811614,12.325591137730278,9.447711178132092,0
0.03476661177127531,0.13459812693922965,0.9487047175231929,-2.8720011345437504,2.7257119895394046,9.187019658990964,9.58835759721322,10.003960544775548,0
-0.31690564709774777,-0.18847159260557153,1.3008699718666434,-1.8771231230121357,4.899277384772914,-5.22070388069581,13.521144234442751,7.401503841909862,0
-0.5765906249594136,0.24607567795019095,0.8465754249949542,2.7797612934855613,5.483117222681358,3.376587017481399,10.53422962667475,7.0137712546852695,0
-0.575075318967511,0.3263956844204177,1.1021247547738446,7.871080241597001,4.23198024789631,13.578978495714267,12.852722436819231,16.255836428043736,0
0.10887276203701911,0.01573773588053029,1.0349870268479222,1.0198278011428314,2.437770326717976,11.409077854130004,10.408165546280078,11.711098598825396,0
0.26502241640623975,0.12223760632455027,0.8937798441834712,-2.9868029962871967,9.990811618934504,3.188062254560647,9.402240815180114,10.90417580024374,0
0.3560838193100802,-0.47436008598513124,0.8986989295184122,-3.0484549971304205,4.148646435178445,1.8772718957995904,10.767882537750006,5.4798261728276785,0
0.543435558372364,-0.4291346400490315,1.2673587700580453,1.6576712262814497,-3.957598364778576,4.557263809708071,14.441873138331246,6.259322019405491,0
0.0889954852282432,0.10780934166689828,0.9496656507735991,9.164998122892722,2.701278395824479,4.2484267953216595,9.59899942077769,10.456731123997702,0
-0.3156685071688869,0.013496500261547233,0.7902400793797866,12.854152769453899,12.776024302765677,4.588719788300844,8.51062950078145,18.695250458361404,0
0.14199401387323113,0.1233556777675588,1.070988214546478,2.2224245183595484,7.793478105148338,8.210346075089472,10.873797307798128,11.53634493190843,0
0.2993090062481634,0.01640364035714328,0.9985972763044783,11.430030183853955,-0.5673479502556358,1.4356802844683108,10.426176100953562,11.533804731296726,0
0.33150724347098576,-0.3555543395549706,1.2556636609415128,-6.193410043643526,4.339284638596211,-0.10892928438912008,13.464795469145251,7.563040706783156,0
0.1889193664847018,0.05330823669453868,0.9259394115802307,2.9813664682665246,-0.9408635445864242,0.3316853148119634,9.465178757160405,3.1438488156553666,0
-0.1361002442512769,0.07944719512887989,1.042901964441084,4.174973332383184,1.1009899000984467,12.20650088925282,10.547415042246966,12.947634727839654,0
-0.03843955255437818,-0.13007611267742614,0.9554135120591382,15.627252849947164,5.927679466591132,3.510663825649125,9.64993457654003,17.078441849054887,0
0.3133256480958811,0.38421902297843613,1.1275993239225546,8.093424609052203,9.858816137947102,1.2454462163481765,12.317781678061232,12.816041269521333,0
-0.07943640877373213,-0.5285795429849018,1.0992285867798657,6.086532260554616,-4.71051104905049,8.379663171726655,12.222970024895979,11.377765341823098,0
0.02160205874002777,-0.6075466054976424,0.8705391439431323,9.979151778998906,0.4016824317957175,-1.0373395800955105,10.617993821484156,10.040960731361471,0
0.12466202151968911,-0.2540239433596478,0.8145290465692641,6.754481843200206,3.879821632695616,15.111702899596501,8.622797406378021,17.001164824720906,0
0.009699984542435482,0.42231241899586575,1.0238366145105988,3.516711746527341,1.136475167967487,11.253405897432419,11.0755734937329,11.844744894168757,0
-0.23688274618179073,0.047446406915519504,0.7250402651710122,1.8411628026394888,-1.8926357445338837,16.759787370022185,7.642303207064421,16.966508869406983,0
0.4304457849478382,0.43851600275550634,1.2143230461584091,-3.8040218709628206,5.9218952993843015,0.9092753721239593,13.609409681846842,7.096915388673063,0
-0.12550207186472062,0.1053221705747896,1.0476412670321495,5.126510518760859,7.96923429793091,4.513652556268563,10.60375289246996,10.495849884263487,0
0.07787543307854021,-0.2341165659216961,0.7556151823059247,9.034710773189397,6.24031868445841,5.67081864437311,7.94877005106673,12.35822641547544,0
0.16361086673335826,0.3488981281739565,0.9628437083875854,-2.2141131290827554,11.280254055325633,11.066864302567026,10.370951867297855,15.956876699169527,0
-0.449236642599694,0.048078067741614314,0.9353937160681453,5.934526532600042,9.067691026218252,4.651403315047631,10.387908671680679,11.79309876632639,0
-0.16681561173837825,-0.17184718203322205,1.1025909371226628,6.943232831457726,2.936401650237958,1.948922429941926,11.28302121294399,7.786477730096157,0
0.06118425887238298,-0.35107157080005974,1.3034788869501248,12.39052952420019,3.3843960826706674,6.681455126702696,13.513149041146999,14.478301051733068,0
-0.07687731126940059,-0.00010432704501246803,0.6291189157394838,4.061462612343878,7.219462131946798,-9.18656650178514,6.337986604698437,12.369685368585648,0
-0.07072319990600663,-0.05035947855071368,1.0669325289542164,6.142523269871611,5.422673310555224,8.3432196925781,10.704591862492865,11.693814296137303,0
-0.4875332970122581,-0.121041107121222,1.1217443947558543,10.012024802172794,3.00909643646449,7.399281991362428,12.290850875651172,12.807992660482237,0
-0.024038538891888894,-0.056696230446575936,0.8372374884291336,9.231250819439452,2.75781033433249,-0.045958046907106365,8.394992113933352,9.634501630786524,0
-0.22092730883380568,-0.23135268597735748,1.1530721341220258,8.683628932139532,10.996315625934617,13.441805120938255,11.966237034198382,19.416655059137927,0
-0.06905883123351123,0.3332607306731687,1.0718871939898458,-1.1560484738708183,5.873973654825971,6.259855897339355,11.246217112520895,8.66174407535705,0
-0.6470849884917272,-0.3999012004102834,0.9236002537511906,5.531796824531501,7.821425007866191,4.795389705465853,11.96527217053665,10.713133420659863,0
-0.41512601889743383,0.4347151594987703,1.4304504455569818,2.619973100800003,2.378509959175587,11.084537159454845,15.516105692659616,11.635657811836351,0
-0.00912613422291836,-0.12060865395449558,1.0690696805838777,5.596078333087267,9.743368840942448,-0.806735060687009,10.758901968501638,11.264996695021203,0
0.21641800450366463,0.12297520171144201,1.0546161070703586,-1.6942314813767414,5.6978334298855655,5.826730315736879,10.835934598370168,8.32385200970901,0
-0.30277542817596714,0.4569756949400225,1.185220755637956,-2.4993887020782593,3.9404084252185902,3.0437655326878,13.05851440734383,5.571200145353633,0
0.23928748599329827,0.3649949455073128,0.8391832134160608,5.6525766912261455,13.25730384215671,-9.036037000762445,9.458902033947625,17.01051713183947,0
-0.4472857489585282,-0.4247662459178843,0.9452762213921422,15.584911118244037,0.26395042493559195,1.088347952868963,11.287329354732103,15.6250960207259,0
-0.35658470735005376,-0.33776763393832815,0.9706961504167451,5.590326214262401,3.1601176330928027,5.7166686677398975,10.878835620074918,8.59758054882724,0
-0.24634642678051913,0.11514825311146225,0.8527454610405794,2.8940586936546984,-5.029059219374066,5.787093284586511,8.950533523245758,8.194965591068454,0
0.020282441000031806,0.10631701116287606,1.106110133594371,8.849649255506982,8.177330306682915,9.109279298163006,11.11392960170112,15.105098219542676,0
0.3186798600352166,0.16016913843356897,1.6150969966654043,6.026760921873886,5.002648408186738,-1.3318046479395154,16.54010070929505,7.944938132272194,0
0.006566147144559637,-0.27604414405233135,0.8697022574884552,-2.590424937503057,10.24610514007759,4.233313062787242,9.12483150767412,11.384810555557225,0
-0.21712388647094008,0.08628126858808761,1.169658183676688,6.622664593954643,6.436054692492186,5.556502956394385,11.927646482132442,10.777625500693121,0
-0.3206377384411269,-0.17412057815580387,0.9288454102691595,5.8358748107584475,-0.572809554197919,-0.9558721765353937,9.979380397740309,5.941316117671224,0
0.05751588207866558,0.26415247615340115,1.044522614618258,-3.3029580588430854,3.087497099932669,18.662937512556752,10.789402670204788,19.202796850411328,0
-0.20384886854046572,0.273663629190958,0.9344570570187292,10.674974365727929,9.982564417901404,8.651385794853525,9.9481462321344,16.983908449997397,0
0.02955577982551874,-0.27988128476627966,0.987715793583795,8.524894009961223,-0.10313299145124599,8.790913738300919,10.270294867132023,12.246004191132968,0
-0.307817324624076,-0.05201192567483826,0.8727005511615473,13.004804393883248,4.3125289499852695,3.4637490952765546,9.268565141103542,14.132246851178875,0
-0.2847376566747792,-0.06312547417007515,1.066784038300899,6.686374332887414,-1.5461104048482746,5.7113316116486,11.059333356904544,8.92845831494398,0
-0.5112967534867604,0.5149047592637824,0.9286999566982004,0.6261332238970914,11.22691251426352,2.3378811103435067,11.785732437187914,11.48482892789856,0
0.6449656688209547,0.5419437970495494,1.0683894908419163,4.430117220283589,1.241866276267685,1.6681829488919093,13.605660209117357,4.893976377605216,0
0.43400870186827345,0.09862245769956048,0.9824304006922303,7.255689351734741,7.6685578938343415,1.2001209329694946,10.785450545361478,10.625069335948705,0
0.20722152604513927,-0.013319386646931459,1.188998774618764,8.734232789662723,6.982685605931593,9.787735966499572,12.069947195253379,14.8608376629722,0
0.08535128059823999,0.062170343762563945,0.9604804150784089,4.240925521365045,-1.5156189683627908,-4.623327593972293,9.662673649112378,6.45427828468932,0
-0.348183957594579,0.11944095435941723,1.064856349131672,2.799438108322513,5.663239628217928,-2.82651773677542,11.266841856485541,6.920862614244868,0
0.0026114115661303536,0.19451427309174557,0.884230298590899,4.054046662073865,-3.1196219044918756,-5.9186040755027705,9.053760781315841,7.822864524444723,0
-0.460979460609658,-0.2115115900361136,0.625725243325098,12.441062817621546,1.3824742614630332,1.1880351500126474,8.054634044808177,12.573889876775551,0
0.10627324829202964,-0.442897194180311,1.3266064722109603,7.835792894343155,-2.9268542755251037,1.3779988515955717,14.02617788289932,8.477323107455382,0
0.0683611164176106,0.38182175933341966,0.9431668511617065,-3.893024589672976,0.4102144518718802,5.508751596849012,10.198160654101398,6.757977545694388,0
-0.3063590083477863,0.2945697553191981,0.7776744149794723,13.759258114886471,6.17303110860646,0.634961757947722,8.862306011746128,15.093928361230166,0
-0.157985472479331,0.17388068189784062,1.4696155574188254,-1.683839699893296,5.78867211105577,10.983394597368012,14.882754407901853,12.529125980121057,0
0.15751477567131916,-0.2885217416250663,1.0776216250277695,4.204243827151509,5.680856486663175,-2.6612622059777493,11.266428301252523,7.551828461317841,0
-0.19301373857462065,-0.1830326665041747,0.999114968951935,-1.3152935093390363,4.863009585886465,10.892667602927336,10.339177827419386,12.001211053722695,0
0.11025086925153997,-0.3230318300166442,1.2151887241073374,2.452945518314684,6.112700067919689,-0.0143028355618382,12.622156917786441,6.586520204726512,0
-0.25654366787154603,0.2097048072812079,1.1292510815234391,15.560542056294988,5.8584062824129175,4.685911342733572,11.768597048262343,17.274523390458544,0
-0.01696045237308219,0.04716648363050781,1.1435310244407997,8.198531135649521,1.1382720602647383,-3.8739965165623165,11.446289957804632,9.138896272293003,0
-0.1793698481092841,-0.144842167331798,1.2586995469047833,6.093994966790627,9.802053661875359,-1.6397137115267029,12.796395372238337,11.657859653526556,0
-0.05594321602213361,-0.12583453861261795,1.3681125830591294,-0.6134369287210015,3.709737784364541,6.234519929797926,13.750258231944128,7.280638574280976,0
-0.3470832484012995,-0.15424965920353564,0.9164185557124525,7.158122229017133,-1.4261838444275812,1.013893139882331,9.920094293600753,7.3689004269806695,0
0.5133606668731074,-0.37519185277905637,0.880591385674415,-0.5513576950975878,3.3915973042785326,2.4014008372838935,10.861626439940608,4.192094173994725,0
-0.15540374250378244,-0.07756905643350302,0.9111093737396427,4.591224857687261,-5.265754500697913,15.920439859814493,9.275168853537977,17.38585406258306,0
0.430494328887865,0.3326885638097053,0.9494951931592271,0.7931630679328174,0.3480139663642472,8.05057611740223,10.943254404092302,8.097036321716997,0
0.1528637701184893,-0.23871240480842307,0.6023612947296384,7.238796373752863,5.190078992045921,14.31919941734889,6.657252239570205,16.863468351384267,0
0.16847957746287667,0.48185639732433116,1.1605094745133147,7.841593770240259,4.291809236717834,13.599070281982415,12.678143381819053,16.27405702079677,0
0.10322624260557414,-0.3960669725518051,1.1882750055015534,5.6298699374023755,7.1695552878416695,9.605152532545322,12.567904330510055,13.24223975432205,0
-0.09150139199259429,-0.35245471210792584,1.1238405156545772,12.674790015831706,7.824945073958433,1.6232697453752207,11.813612205631303,14.983827015223579,0
0.3507831898520871,-0.3363789676012541,1.0979325960269175,-0.2702660900796534,7.091468706223177,-1.370452412174668,12.006896524688207,7.227732146726588,0
0.4481188024941967,-0.4551432006141397,1.4284669218605912,2.4661044631178237,3.239450691404519,16.374593038325184,15.647630942299184,16.873144614321852,0
-0.09763874988351509,0.01908844740921944,0.9916413031836736,4.878266126629432,9.537388483539276,8.737750403991372,9.966193699116651,13.824165132499653,0
0.30493031833684914,0.15244526161628572,0.8320137894144017,14.373775870943527,12.224671135439406,9.359251644513975,8.991490435995482,21.0628490120188,0
-0.008736416802741257,0.07143652241848945,0.8129556499054338,8.90465599860204,2.9004000312222376,4.158696826935526,8.161350319812064,10.246949697003341,0
0.07114880240221218,0.6698719891827493,1.0066035852149076,3.7602808557298637,3.527161039219009,7.071040322196454,12.11214849538441,8.751010704409016,0
-0.2943656884760272,-0.5653300201373972,1.062844260804529,-2.040076359828973,8.205935729409813,2.606370782871589,12.393091272744023,8.848302741596507,0
-0.12968645451898086,-0.16833644130974248,0.842523373128892,7.253090417597631,0.1418173086299639,3.27317400441715,8.68908147174958,7.958712258780677,0
0.4942755299265177,0.030593720120704104,1.0628885197782318,-0.8423915346440243,3.0074141935993106,-2.160083184571838,11.725938259565094,3.7973837037850835,0
0.21277284057822105,0.5146878903546703,0.8795654007715494,5.006457950931845,3.5797943394959932,9.808666664030174,10.410625343368585,11.579701656501909,0
0.1861799988238517,0.1159812519823023,0.8906033526384308,16.822193385657503,21.07018630751633,4.980393893848163,9.172180626787966,27.41793691501583,0
-0.07023278928400783,-0.2008528601965923,0.7275419142902599,1.3253345933939227,14.813676309837938,5.031291114032901,7.580183066317724,15.70080914702318,0
-0.6045555687714336,0.37475199228730444,0.7648941842300758,7.22084737634166,2.8238426045615546,3.973893605562466,10.445044779821906,8.712436758799887,0
-0.019168723201022333,-0.15907447202821073,1.339775959025173,-2.156494334018868,1.4231253636637495,14.099456284372643,13.49322699720876,14.334239468081094,0
-0.2750637977193116,0.13469259892427995,0.7790782237533768,0.17274150884631556,8.447665585269053,-6.537153321007196,8.37117117103374,10.683036413481565,0
-0.3157731039237108,0.25141122070795674,0.9337102873175739,14.246069963493648,0.0649399758912752,6.194805880118598,10.17219325269701,15.534810796967456,0
-0.19400314899199309,0.3168151436602136,1.1771640262137018,1.0835759016797364,7.724881458451331,6.950442746641066,12.343922398017998,10.447802862619566,0
-0.09898460243926592,0.10327284381638151,0.8175669048971136,5.551105352441409,7.09179874292508,5.455908459769468,8.299872744645114,10.529734904803703,0
0.3144793850690135,0.07331075027869373,1.139679065876299,11.312179952064822,0.362982582326822,5.784916007392449,11.845421575176138,12.710720862152364,0
-0.3513161459114942,-0.4388383737835589,0.8072379959135076,1.3578043033125713,1.602090395911973,8.592490323792266,9.836845707489577,8.845406498699267,0
-0.2884701828835015,0.16656307318383534,1.1143826369764007,8.96333827486408,13.589862497890756,9.345649090270635,11.631023021883163,18.771439813176222,0
-0.15666607269895336,-0.22416032540307942,0.6533624927683699,5.588753717657767,13.707265329927651,0.7133389864651623,7.082899524744271,14.819991344507635,0
0.21507351836626046,-0.1327513847385939,0.9919292575297498,7.020197746206547,7.339970122855231,-3.543718601659169,10.236225868922478,10.757150148993743,0
-0.40468655827833194,0.3819890270341115,1.1949049094879711,1.0853962044258276,13.530740572133023,11.066920075985486,13.181367796795922,17.513872938879032,0
0.18248702873775483,0.3830650841956,0.8958024678316727,2.6469801840463254,4.072726649044239,8.707878660590154,9.912126087578947,9.970995798822223,0
-0.046594332065956166,-0.27250354636613,1.1272246737285245,3.066043757511313,4.682104285089827,18.126587873978153,11.60631155718805,18.9709228244828,0
-0.43061578413889146,-0.14609928862060673,1.4094889162926247,2.602083704798081,3.7003863639434487,6.927238962941823,14.81024632083058,8.273471973659767,0
0.4441682706064413,0.511003409594542,1.0554764749772276,5.853639764363548,1.6295950550607419,-5.04671126256663,12.539699065213322,7.898732373117437,0
0.09467279595726706,0.22122545058876922,0.8624028384382716,10.913009381512438,4.707859732058963,5.643139871283751,8.953447905857038,13.156851622808292,0
-0.16080348137768047,0.16130505976718443,1.1079951139049473,6.6117405182847,5.745207499136464,8.102666485853664,11.31163230646627,11.932129988825869,0
-0.32190426638557973,0.2752670140184975,0.9034434678630775,20.363801408349374,6.167098131605519,6.587964552256124,9.977997721729352,22.273724073565415,0
-0.35517977970199893,-0.1662304548933097,0.9974928321496898,-1.8556220973881201,7.862455120530762,7.084160769137528,10.718102398434187,10.744620407146206,0
-0.3256815763348641,-0.9209040348621962,1.3302352697388866,18.53235007553245,6.067388710240743,2.0961194359459867,16.503510546082985,19.61262149160573,0
0.3931115825075168,-0.15277186253449815,1.1544020364683705,5.690354145856176,13.580760787921163,1.0030740201130102,12.290321477024694,14.758839770585807,0
0.5632003919772206,0.16300410007925467,1.1186404020269274,8.742902679865848,3.021237279140051,6.507758508051591,12.629811428572115,11.310046099180536,0
-0.2062934712727391,0.3475460899521052,1.024247993879885,1.8472331956969419,10.597852754534205,-1.857327516127726,11.011036435766265,10.916795270968407,0
0.26514778714196147,0.1761886610737022,1.0434234791746795,4.459901737922521,-0.8472955059517417,9.916499246464829,10.90907122632452,10.906217973773852,0
0.042700749014484334,-0.3252364275636781,0.8951530973196352,11.415313936548324,-1.6455630043445382,5.582716190394521,9.533630763889054,12.813430061217602,0
-0.4457161483530877,0.1259044569231888,1.3058980796169435,2.5194661276224646,0.4678058084294898,11.957786524054965,13.855990081993621,12.229276773280905,0
0.12230158765442765,0.6360827542715579,1.1179751791520804,1.0596496065947099,9.32105186318653,12.176374882773821,12.920632530277343,15.371043244061692,0
-0.16457151708834916,-0.31265608635290426,1.4269298485190107,4.352238117859073,8.660002302760471,9.06321236435138,14.700225866172135,13.269492638367673,0
-0.35849000102829015,0.05888069383962988,1.1091963922226373,11.408128714354586,3.122590348266261,6.35690192660206,11.671755024262694,13.427813424039082,0
0.00022682282230920478,0.1135678039073728,0.7972945257786239,10.834785070572194,5.572533146482546,10.957601458392773,8.053423237167515,16.386418855720496,0
-0.05837057486119142,-0.053861870737641,0.7917505150106625,0.5701462157522963,9.915591921178663,3.2944232682259496,7.957242632650042,10.464093583531675,0
-0.26360116612256246,-0.3743138523201034,0.815610248408793,-3.6567914036855367,-2.24883371650737,-1.290225239703938,9.353162631588013,4.482639582181226,0
-0.29819365157009453,0.4689980752005275,0.7395565167212341,2.854278872743693,-3.483377941132705,8.021088403258004,9.251067450858585,9.198841717142487,0
0.5961089046274425,0.4360727018930787,0.946296957163579,6.303187924488331,-3.5810692723504474,-2.43273497423921,12.00409579539212,7.646727051469454,0
0.7876954645796885,-0.3224483697098539,1.0629870931114795,-0.07895439909414215,10.028338468125497,2.585235763978079,13.617557255872095,10.356507624859516,0
-0.03961669873264933,0.4199830470105324,1.1791890856598057,17.45088453559,3.131430604992774,-0.05586507880375535,12.523746014407722,17.72970246832725,0
0.47629814703598294,-0.143598111307589,0.9587679751361357,5.7400956580661795,3.770404180280058,9.522391653633056,10.801464588599378,11.74055316633778,0
0.33111747825467647,0.3825051918282814,1.2049043215697777,-0.05620439936411703,5.903645907855962,6.2691222075685085,13.068065772404317,8.611508996295655,0
0.04885216253270025,0.30583105035147534,1.4022091416738298,-1.863212063813135,1.1996838119139164,4.0605743567700845,14.360047500397993,4.6259122938254995,0
-0.12584509666117388,0.19613523840103245,1.084945572859656,2.784319834862976,0.9536876887274195,2.562437929116405,11.096904596165801,3.9023128130656066,0
0.14757602075531775,0.43943322123359946,0.9158157498682187,4.1283504425538045,2.08888663718449,1.6813888286248524,10.264495728151477,4.922783069826109,0
-0.45447830407580747,0.07124425700029804,0.9480583295978322,4.032854594858556,7.850237415296194,-6.704071745593383,10.537745818489732,11.08308267720906,0
-0.05825838064728981,-0.15168949497019893,0.5557254187651041,1.6731473389774658,3.847312344326734,-1.1003771018860506,5.789943720465759,4.337287638500747,0
-0.4291900838504364,-0.32492261283298896,0.5550696294103512,9.187740586693476,-1.6031057127594481,14.722241268286288,7.7322773223643875,17.427820086754636,0
-0.09106510127591555,-0.013563691025506313,0.9775439320681837,-8.446347086053791,0.28087565718295426,7.259623870157496,9.81870136783859,11.140996767302639,0
0.4255912303585564,0.14038210428005424,1.4202173758646086,9.977379872411298,11.799880601198067,11.375614653398765,14.892455893061967,19.18827506743504,0
-0.24520440023291395,-0.40901849358460607,1.0953206996195386,5.74818857506339,2.6500323594756443,-2.66563761863439,11.946333165464786,6.868039553951052,0
0.01684893582076944,-0.2003373529017036,1.0200779955881678,10.69959649093348,3.0212427043115593,9.769455708970764,10.3970094675783,14.800389771782813,0
-0.36383992250676983,-0.18471331968534732,0.6754221526291484,6.15154078025444,6.150583550884354,3.841118587390559,7.891093612048373,9.50922310128119,0
0.013817045487286841,0.16461756376961154,0.8473763970347827,0.07535526353195632,7.811395098247829,6.173206077702687,8.633287967507453,9.956507674604463,0
0.44702913584473364,0.11709946854999585,1.3981858531192874,3.8381617944534163,5.4099245023346185,-0.6001330703119692,14.725729230471714,6.66024990397841,0
-0.30832824192627606,0.025829076272821716,1.2538855529815929,5.072163863458638,5.60531172640231,3.0919154935180684,12.91496196636448,8.167392927181597,0
0.05207166980265529,0.31375809983835057,1.3072203741590271,2.3413271424008917,-7.0939391472532325,5.500088501811333,13.45355235849133,9.276678227708034,0
0.405333521675382,-0.12571123324025743,0.6912086881552711,6.82018373497019,10.653135314016254,6.1849316481555725,8.110906413822592,14.080396929413904,0
0.9739187020270824,-0.0243026068692219,0.9507948791250564,12.3760186941672,-2.796587551819302,5.577421826867373,13.612931928975431,13.859811502620923,0
-0.27656671695014173,0.1163557140657361,1.3506095538581027,10.544791025253076,9.822094318025556,5.918822047564743,13.835367606583898,15.578787147566599,0
-0.1366428779433036,-0.0022577459944563352,1.2779552320785754,10.917894671360656,4.470802380639349,1.2495403597668697,12.852415915720318,11.863804157703473,0
0.11763606413881396,-0.08090242929432272,0.895033768632522,5.13368975654743,-2.5963586914981924,-0.06573700915793257,9.06349211752473,5.75327474798234,0
-0.42043362103780874,0.3647077190931589,1.0519133690469453,4.421692192858365,6.744608055490109,0.7875071543378427,11.90083142492487,8.103164023312127,0
0.12015165422385611,0.05512908312330323,1.2716352253970573,-1.4217397990099743,-13.85991355564106,5.975311945203572,12.784880845316353,15.159910971652316,0
-0.3062409046481029,0.21665005142646634,0.893113127185247,-1.7613667551799512,0.8233857509566898,8.212335301920774,9.686959246396107,8.439361827312883,0
-0.207971714467403,0.07463421852985637,1.0912776355931944,0.4506270838004012,4.401138395174412,13.25026535775229,11.134223720313628,13.969345582130298,0
-0.07600417723083186,-0.009143516391292803,0.9097947199621471,8.736263872797183,6.715928600509549,13.36747502982846,9.13009677560723,17.3238388382994,0
0.07335419880691937,0.23096176612338418,1.1847743018854426,7.036677413536907,5.765452657323188,-2.800220368996013,12.093032383573508,9.51821976427082,0
0.32343552090909977,0.002469325518296247,0.8065387869707848,3.9558204589325836,1.4261934155331595,1.4609523755503706,8.689772428795596,4.4516204920731965,0
0.3094773554789611,-0.5552390669488094,0.7514331418320747,9.460668443449915,0.3686059552277312,5.316771654698984,9.842349423100455,10.85855324503817,0
0.013757615070539278,0.09335983327212848,0.9909289158299545,1.6380455612808502,2.3707218008418485,6.2521506984809765,9.954121993772016,6.884250393059136,0
0.09995473372534114,0.3885680903378597,0.7573709784029026,12.69019440595739,8.830749859530485,6.377070654491314,8.570804562874391,16.723941140621257,0
0.3942209029931448,-0.03917507603346291,1.3651821341058645,-1.8669694813921955,15.285146960803091,2.7824527621168738,14.21501694061882,15.648109663189661,0
0.05880176592781253,-0.02976387797817754,0.6569199883820642,0.3009869746888185,-1.407269836242774,2.33155215274842,6.602176968579534,2.7399155081711704,0
-0.07061329245942792,-0.07541931106043359,1.0487979769928861,-2.106919192373237,5.966529758294419,1.714096148086119,10.538745210399394,6.555662548109629,0
-0.09092117552430234,-0.7155008688195633,1.1072172578271697,3.590592700960508,2.6253173400445333,7.38634940684787,13.214152297709408,8.62222735957312,0
-0.07704031335787179,0.41447143122049995,0.9411588316157431,5.205644201604542,-1.742470637333006,6.388596627667732,10.312621992047218,8.423129011638977,0
-0.41187276647298043,0.4264348273238966,1.1590387346944382,2.236998478034801,12.037418700992758,-1.7371457513113544,13.018665931035144,12.366134664277245,0
-0.023307977586031394,-0.18889288022461548,1.038089985610725,11.182980483170049,1.5163563552618737,7.0890723164450815,10.553931022344125,13.327165317159285,0
-0.3117322360602868,0.11234469804695447,1.0257272372752408,5.165441428934899,12.417248136616537,1.2739644669137071,10.779214644243364,13.508990410279466,0
-0.2987007155296104,-0.2636839965000815,0.8565319769121507,-1.329524214004321,15.575245450792618,-0.3902625506364057,9.446684047543844,15.636758306838704,0
-0.24061961841894508,0.12909606096034573,0.8076376576949524,3.9713070012137512,4.440202017956668,-2.3564041796414106,8.525503972496555,6.406193402949004,0
0.23698795868635675,-0.010590516900356919,1.0115006059816576,0.4481583767765338,-0.8482707828446525,9.02657560558401,10.389460657376798,9.07741573439419,0
0.6503134062689013,-0.37196204749014494,0.7512136391287443,8.43062759622269,5.4084870270559495,11.747908736313978,10.609360125658725,15.43828271747821,0
-0.2543347273334768,-0.32768109879496954,1.015794301894046,-0.3579787534475978,-1.9187010654589134,2.280921925425357,10.97223368232597,3.0020272144667817,0
0.548922636092137,-0.007451888939532264,1.104159072802256,8.66557202423298,15.452623198598845,-0.840875858972673,12.331013134023681,17.736481455893315,0
-0.6699995757758899,0.7894666383088974,0.9912689104905131,9.024370218310857,5.002943962949044,3.3094240892690574,14.334472635739598,10.836096803562553,0
0.1071533123509066,-0.001868688032836371,0.9379938790325449,7.300126780673249,5.904568605368658,11.092470446003349,9.440963094119452,14.532676354507647,0
0.09980138326976505,-0.15866598199940557,1.036119558879285,11.622167212011162,6.573733113831128,-0.048735306476096696,10.529382461657466,13.352569523725556,0
0.03981204042452654,0.3492080613034504,0.8893576091513461,-1.38544552933309,3.6270409560606454,6.599989005805806,9.562887773039465,7.657332452522085,0
0.16725064802782105,-0.14014762283269624,1.1013795801809583,2.528411533711941,11.346949405950738,2.2275069452224754,11.22787208286132,11.836718839950018,0
0.1342026084353414,-0.2824657315276968,1.0052127940851956,5.853972038783387,-2.085447413877679,5.711995091357797,10.527345301598558,8.44067340148891,0
0.32498147818589324,-0.027212580552104525,1.1281247014719118,9.9570479699732,-1.2060713176083535,1.0044516500269403,11.743163235582152,10.079996796465107,0
0.1978411292398605,0.1587041927519991,1.2770979307245238,1.562068236076759,10.454889383560918,0.5025774371851934,13.02039652958706,10.58288019761267,0
0.47593752612152773,-0.08416384670859063,0.6732851830112234,6.613054173150165,8.923361351367081,1.9746309615114455,8.2880215946022,11.280870123277289,0
-0.512253749139866,0.002723251145658135,1.0469543212505967,-5.606647989060434,4.755535161762175,7.174298294230182,11.655576649784209,10.272301220397788,0
0.43067978347082925,-0.03933671076041189,1.1491250613645105,4.751856649237433,0.023143404889555796,8.237327316344476,12.27811410339519,9.50969182196178,0
0.383768374389508,0.4257622483893635,1.0015441785957906,9.868160497752752,3.0712506510581257,14.36114084102697,11.539681100508144,17.69337555207727,0
-0.5231825068940342,0.6929816146703945,1.124176527071695,-2.654531000116158,-4.634636552059401,7.7035073876039855,14.204634165687235,9.373922171168903,0
-0.16530029968130386,-0.4743366005325088,1.0678940624469253,7.190106593485087,8.363248845563866,9.468017166657607,11.801343687431798,14.53564285288498,0
0.11592320568845206,-0.0420227592664856,1.1217201833672021,4.60395285776202,-2.6072931731763997,6.000414159989222,11.284769699408162,7.999958106064462,0
0.6025521055635302,-0.0583580522990843,0.6832128688347352,5.367779808279094,2.3799169243001113,13.74044672237827,9.128277637805368,14.94245430868887,0
-0.4534708495110627,-0.8230518515048916,0.41297094220359865,-4.362989437248913,8.884564854192034,12.718034614272373,10.264478363396957,16.11581750727279,0
-0.38414501681908736,0.4615308331829547,1.125647712971944,9.93682134273904,1.7305244736290293,8.529833431118185,12.757981335793126,13.209587113682417,0
-0.1258160658086753,-0.07742874153658269,0.841045694040021,3.9194845305530794,11.44999815908143,2.5188059555659663,8.539219823231935,12.361601848870865,0
-0.31059755229761904,-0.1011419923414238,0.9737004122071568,3.233926723151715,1.732636508589751,3.6167328525694558,10.270311752037774,5.151802388336344,0
0.01203476674089109,-0.2048580417047998,1.010877450873994,13.784908014098635,1.1608662030821533,7.594298038194509,10.314964243986198,15.781148943962988,0
0.40511377299446844,0.009447445866624727,0.8294940712938134,-0.44849298539218196,6.375938719488738,9.16412964972005,9.231829924856731,11.17295899703833,0
-0.2543905866203372,-0.1951137317483063,0.7948057438011645,5.5559609776542604,0.12147116537085623,9.445290580146263,8.570298181843569,10.958876391885857,0
0.4702167859351632,-0.33994835113871247,1.4935750677071638,-2.327439547583716,6.227078573640786,7.714479631849046,16.02321812275419,10.18364759799585,0
-0.15858671476357997,0.19630567501761179,1.049310295270065,11.801091097605408,7.950861195628016,-0.6802210305645149,10.792301700301824,14.245864154081605,0
-0.24542423696716237,-0.22178698981196884,0.8501115597402914,3.9576808705669886,15.339357366622197,-11.323976754423423,9.122018356399199,19.472841904275825,0
0.6982002755209841,-0.3879175793375873,0.9814917919979992,3.4259854590962515,7.0839539292195735,5.072727134330917,12.65420803865716,9.362282852842117,0
-0.047361070091824095,0.006894261670236348,1.377841448241766,0.199203843596508,-0.7173033725306697,-0.08419742289347099,13.786724260306315,0.749196573383379,0
-0.3166595452610447,-0.03908467732040432,0.8832430868777686,0.1869313995149371,5.902411723291163,1.9022407301635607,9.391055479143658,6.204186271773501,0
-0.051190501128149414,-0.04656245808569161,0.9789270520384603,9.75036533171901,7.156613984807472,9.134109531853973,9.813698095628595,15.156474021665971,0
-0.18355984386867202,-0.10675318345031536,0.6665517832543009,3.9180377814559177,10.719396815946673,-0.758975379252461,6.995582450499432,11.43820491952103,0
-0.12301884764039347,-0.12434942079713546,1.2536246556373685,5.791185391333801,3.7685009088528947,4.433955934433595,12.657690123198877,8.209713305915256,0
-0.09444488442003156,0.22385230121747154,0.8537089008078188,16.915585658961632,9.066133906673546,8.12651046533103,8.876083462158098,20.84159289839764,0
0.13328155910766254,0.48789790338041883,0.9921543261553489,0.01067159888243907,8.029737269190107,2.7574060371751385,11.136330387654422,8.489998972266912,0
0.027879099232357745,0.1309162613086771,1.0092606475993007,5.308227953779206,12.97630544333459,7.233937093638936,10.180979159401168,15.776299719602289,0
-0.0768531138480178,0.11393042893904194,1.3518412085162987,8.82037767683147,9.973403369315417,11.598271512726171,13.58808741798925,17.657512259996718,0
0.14600558747047282,-0.15599037501124943,0.8623804112202286,6.783764422264792,10.020354636236656,-2.199452709317825,8.884540518930164,12.298965769253142,0
-0.17223030922423047,-0.41452611758572855,1.0943014086216183,17.640283824006374,10.829588977028024,7.239739840235362,11.827893956607108,21.928826775665836,0
0.17879868786017353,-0.06909935578971481,1.1075345464692063,8.113115119180991,8.920065229993325,-3.2420398571097113,11.24000206127127,12.486033120231061,0
-0.3633269126296646,-0.02302783059982592,1.1807289932415825,15.46252669884922,-1.1999384040702878,4.462725495029757,12.355798970137137,16.1383240434122,0
0.0031831698461230193,-0.7127234887116052,0.682203947023329,-5.411512091422168,4.656373067781773,1.5873914419849866,9.866038360282815,7.313418137373176,0
0.2622868805098188,-0.08116924111558767,0.8832117412442496,8.339607182224027,2.28465656298757,-0.46148945556194665,9.249031480444597,8.659196041330835,0
-0.020148213186516196,-0.05728199455338767,1.133430803416261,7.305562630195539,6.872742185393399,6.179108730469244,11.35056193995458,11.780798580468,0
-0.08786621765459006,-0.040787245445664845,1.2065673360057434,0.8675172264244484,-2.7822306420261516,6.02607974885132,12.10449837007699,6.693805391784886,0
-0.29433752134320795,0.15772113676662627,0.9057901849916565,2.7194545717179324,7.74831354968468,4.280624863540497,9.653840648574223,9.260428999470049,0
-0.43875771449525064,0.025142055183502775,1.2309051658211787,15.814258538473672,3.321432511150192,7.331892042566352,13.07007261729333,17.744839474384115,0
-0.08925919317514984,0.12669481411307346,0.927425269620223,1.674950850584442,13.13720928806403,9.68025619557124,9.402852812947613,16.404239947104063,0
0.11373567286909261,0.4026119436288073,0.6521494241312997,-0.6763830718999859,4.545906397971402,3.1652859287376547,7.748103328107705,5.580483316858387,0
-0.08301674405859133,0.05662347223508087,0.6195365924979468,-0.9231741666131228,2.8290834456821474,3.1485401009613314,6.276333219691363,4.332351376780997,0
-0.16786978724026178,-0.30493307015119986,1.1518951804576207,2.0832151278614326,0.7697056224494183,2.0038833197079278,12.033399143639432,2.991284067617891,0
-0.21776476032715142,0.060578833855044575,1.0041372335007837,7.152369367255512,3.1718639039357166,7.379154668661862,10.292632654739924,10.754953826715365,0
0.11760343505870399,0.19657125914638396,1.1623968907434057,18.612252516521657,4.656735759612242,-0.8443099458352652,11.847520244633214,19.20453048002618,0
0.06646599718963833,0.30733329492665595,1.0082859089576626,14.626986420612958,-4.038438193279067,-2.491130847500079,10.561779950157398,15.377368035170955,0
-0.3061077175833601,0.3363974592270693,0.861718623496981,16.6245076140671,5.143358238605466,4.763667232485472,9.743839958763965,18.04219811671132,0
-0.2896393482370541,0.09183228524274627,0.641142472938813,6.96908696613915,6.394854798930247,-0.04266678668326307,7.094982672749717,9.45854965074972,0
-0.18053269081159318,0.25829065433487236,1.022988960409513,3.257594782625342,2.9945948283310333,14.365273233982762,10.704263298742923,15.031320535489767,0
-0.473613311529409,-0.40204046026059526,0.7804124719153451,-0.7884645131833086,-1.8279606262332662,4.364833192826138,9.974917176926452,4.797383155513569,0
-0.016659664540051366,0.33853775950022397,0.8571561354041809,7.382432405239243,1.772013593942602,6.052787105659112,9.217385743751038,9.709612357940818,0
0.391027499188005,0.18414783149473765,0.5376670237723249,8.216895338884989,2.363030682095406,1.7372450741968049,6.898541566285075,8.724637726721676,0
0.1275146373674038,0.22294692122048632,0.9625415336333965,8.704739385365087,8.61853648822008,-1.5514459664818876,9.962186087370407,12.347414448086692,0
-0.4648300488548346,-0.14768354457651378,0.9107040128612918,0.3287177217435069,6.684894908348794,5.1161194787837525,10.330823794348305,8.42440228131625,0
0.1833714503796487,-0.09640806218309837,1.0415170296890834,5.557999981371219,1.9147543600097623,2.5305472238126967,10.619215255378371,6.400102913551079,0
0.08411045276789134,-0.6954258083674331,1.1412689924441863,3.7351957885728875,1.9551336215903987,2.6857232054820686,13.390991510425527,4.9987342591610835,0
0.11496270324701915,-0.11905015420259858,0.8668485607352765,-3.1974172240899907,10.367721572936944,5.950164757954467,8.825054048572989,12.374069183807434,0
0.2753702126945602,0.08400028225679103,1.1047885705028748,8.692243544953083,2.3195313355044322,7.573405796669016,11.416841012173435,11.75975334869679,0
-0.2426176757045045,0.12439809020504254,0.9891628054248323,10.4261486979563,11.494783327384868,4.142469452467261,10.260513033210582,16.062212599142292,0
-0.11478824424118908,0.6260171014345737,1.1249131918685369,-5.241099542784976,-3.2706239181067644,5.269030241367605,12.924795710356046,8.119654236204845,0
0.14518427967602734,0.11032966909194349,0.9882279595804734,14.461435371000702,-3.4530539581183355,4.152776969063656,10.049107477998085,15.437041529454161,0
0.087778697547046,-0.20271878711982017,0.9091692939366267,18.26553413354951,12.093980214507985,2.964526998206759,9.356221520633268,22.106164636496075,0
0.125108012349507,0.8338237260621152,1.1252939732479894,0.18469559224614862,6.089934322909791,7.098638542547389,14.061296338269813,9.35478923743818,0
-0.21547910112743945,-0.297587978664891,0.9426496640281735,4.598020537084773,9.355200994290733,2.102535492351624,10.117204342905078,10.634013071255366,0
0.036392798432166626,0.45318634320899537,1.0160743287819742,12.030729185581936,-4.641324973978003,8.171450583013229,11.131528821588727,15.26607175672616,0
0.13179470167762553,0.5206671476183564,0.7802773791384863,5.905902350794227,5.499855219968062,5.320307637839353,9.472575734163094,9.666114181975013,0
0.19905690740075907,0.5448316730777797,0.9591323283396109,1.1289435917581736,11.004789669699283,-1.722752381576523,11.20892513865112,11.195882505453488,0
0.1024399853216411,-0.7281434719111354,1.166395208835628,4.712428313625059,7.063995904066015,13.433454032162238,13.788272732558669,15.892284479518118,0
-0.18491472158820932,0.4092594876597092,1.0697947308232483,0.11267505489652763,6.518914030981845,14.2520832312897,11.602359883216513,15.672613446484824,0
0.2918989719655576,0.1603832560373789,0.803219471465275,7.452227789271686,-1.6836547613638553,-4.576175685034299,8.695339659798554,8.905715932981215,0
0.08739990672034648,0.09339294580684918,0.5482635365580041,18.319398807558912,2.3822321230985795,2.978843457267499,5.6298658202509255,18.712266321897488,0
-0.19192263992695152,-0.3012184367655468,1.0993210908365223,-1.2112853697534707,-0.01682674855483146,-4.306852154236752,11.558865459559652,4.473977074695341,0
0.17894853018032697,0.30324621530167867,0.9944430409118732,-0.5022243724489055,5.886741113200844,16.394711626126114,10.5493971636608,17.42677593698747,0
0.35041171607337646,-0.100964287950981,1.0274810080636232,14.249044688098634,5.392064379006793,2.8135650078623673,10.902749103480168,15.492765435655874,0
0.01399421061197528,0.029741937470935804,1.074132568565122,5.971835872587019,1.9984006830877767,12.692551948107791,10.746353779898946,14.16888506321855,0
-0.024102581024825365,-0.7987664055250514,1.217066870967621,2.724456389701194,-2.0876128579564766,5.518171196043843,14.559740634415109,6.498538559779177,0
-0.3285162243388655,0.19987469053402515,0.9739593727073553,3.625401576387161,-4.288691792155388,6.060218473294585,10.471244726652325,8.262122113732794,0
0.5787464549469505,0.2551570905218172,0.5715484856588219,10.85901912354165,-3.7158948891631685,8.885392485327673,8.524788979300977,14.514694994076509,0
-0.038603986665026506,-0.39604302704149374,0.9398217539204137,7.484307072898258,2.060156664327777,7.5824065331381245,10.205906506512125,10.8513587479534,0
-0.07236419354868401,-0.40070065586676923,1.063858852693951,12.92145230747873,8.582822294016308,12.228853624567869,11.391195067135406,19.75281319802872,0
0.32707814527121043,-0.3030402172333173,0.6515683162399639,1.7297121058148583,7.521953015938287,8.754710958712284,7.895281863889679,11.671188676119606,0
-0.38597378578202585,-0.10128231256417553,1.00759485995821,-0.6033979974975168,-2.6485352980571877,9.208897975136285,10.837348716191897,9.601178588324876,0
0.22861052248165634,-0.05294222762050806,0.8740689520308623,-0.4546340716068089,7.077670456258412,2.5431155754368135,9.050205430591548,7.534424202053416,0
0.18600549831335852,0.6500768085192733,1.243296874966343,-2.932861329552738,7.232066305332337,2.416497995672082,14.152685334163543,8.169695293350687,0
-0.6718877434322499,-0.1104944257366456,0.7863223578399806,-2.120283034191254,4.180570339715331,-2.5123417779738464,10.40165856165438,5.318329598637114,0
0.14640732073327897,-0.29161315423727263,0.9852874713729267,3.90188711436173,10.978116761103413,-3.7790515289657662,10.379136459903417,12.24846933833858,0
-0.15538523437614513,-0.15545312530469615,0.7464020280985033,8.459734511907799,2.4406389872506438,3.490453844988494,7.78091403871477,9.471382936089464,0
0.0963690493826982,0.32275564318864974,0.8738055422454237,3.701522998471277,-3.060406313292999,13.054974923311105,9.36479751274881,13.910418022436897,0
0.5466190141910473,0.23148113775047743,0.949847915424409,7.019253007748199,9.040499263564657,9.14171989223215,11.200834461081651,14.648262091774853,0
0.14807250351608156,0.45907375887073637,0.8007780177483592,3.6701458682830994,8.020140130544021,1.887331180750445,9.348366788323073,9.019680559414011,0
-0.11921640252973145,-0.5065043863602099,1.0833472312585934,-1.931195180923563,4.164177427142385,0.4114496412572315,12.018321295047507,4.608598407198795,0
-0.3390026760138481,-0.2417160592215577,0.9502110156374448,-1.9076362337742614,0.33791839873422624,-1.4441840879434427,10.374249090266217,2.4163883223688583,0
0.3497248314847819,0.3719108533460435,1.0192936001484043,5.851753679797907,11.135971988551617,10.329521818389345,11.399932385313242,16.277343587189407,0
-0.09737797317390237,0.16102818688380963,1.1261864819342593,0.4540738051659652,3.1300051925201084,0.825619754131826,11.418005687168,3.268755650726043,0
0.15907771262822104,0.1038787016414357,0.6939927105112252,4.958396296998567,0.9939524773041732,2.8835281739305305,7.195292805386412,5.821371839616444,0
-0.08500425646312261,-0.25804275580980934,0.8588107357461503,4.539731905335777,3.6546987108761697,5.876456564579683,9.007594946907933,8.276395966542152,0
-0.26522577133858954,0.17366964625461298,0.8124807169105113,3.0659309212927477,2.352198655669353,14.24871231334637,8.721414857485971,14.763420115893883,0
-0.1576083591560706,-0.13011325336509155,0.856280844254213,4.8174050134350646,10.89779513349367,8.493353784247084,8.803333106351396,14.632374665086044,0
0.009882568672501342,0.151502078240323,1.3451151365121476,1.8082046936809726,7.241622846693219,5.397397134137513,13.536562618880751,9.211004369317981,0
-0.2537492258563405,-0.1950417721552493,0.7315999840812257,3.562114872865601,14.635941557045108,6.287399953289057,7.985414824639995,16.322709511638976,0
0.06569522545271422,-0.005614864242652313,0.9363833015030338,10.197562532433569,-2.6925541578775194,7.993083717252793,9.387018039193638,13.233650925085193,0
0.5594795221452378,0.0900798235418959,1.178462831004293,-3.372414403105692,4.016714060690349,15.073660478647273,13.076338762695984,15.960025406532253,0
-0.1808632373536988,0.4886653599059001,1.045038415268246,2.800391243126588,-3.2497983328297355,11.231511490400548,11.677373994115243,12.022904419383968,0
0.7080819177914551,-0.015788311561146663,1.0725882808378266,0.7058711453049122,5.381881966914952,4.104762956294122,12.853306552307158,6.805291067025927,0
-0.006640343888291339,-0.22062415783948777,1.221063760480121,5.027984535762375,13.78896344726811,8.578493155350264,12.408528600713272,17.00019665352001,0
0.14869862598812483,0.25945406387687575,1.276989030153942,-2.555439228415638,1.5069733640870013,-0.19829699765571007,13.115367611189887,2.973307933846152,0
0.29976497761295023,-0.39270114223949876,1.107148898476919,1.8060361547002959,3.6412723445186463,6.2531327411725215,12.123744934293835,7.458035931648809,0
-0.21602827730454463,0.1704660896664932,0.8731421691727076,4.09949863703905,2.135389915540756,9.830976215507954,9.154802848281197,10.863419006756633,0
-0.37457035863626564,-0.3549451147005179,0.9969460589265408,-0.6268732594108615,3.7106662614661285,9.67654071469978,11.225820381726344,10.382555291959198,0
0.003899719842023197,0.5805350597949492,0.7541407491469725,5.81307765763354,2.46879333072878,10.004416724412515,9.517165717743536,11.831110106800375,0
-0.11744770767385052,0.2500566796115096,0.8769274050436588,-0.6100640523565719,11.321825592418618,13.221191315006147,9.194150209632104,17.417112639043157,0
-0.02705564141855518,0.0982572198707594,1.1228618359271825,-0.6541263101410655,4.435311914122689,5.2678151584383315,11.274773574538262,6.91735133910734,0
0.30224374687855965,-0.2504769265376661,0.9011927472230772,13.207213416248553,0.4387209662336353,-2.7956045367620117,9.829742320643117,13.506974755085354,0
0.12876776035327991,-0.658092278440724,1.221526244975381,-0.9495965432587194,14.578206020415381,7.426281658600382,13.934823106926611,16.388272747349202,0
0.029060412554150834,-0.4378451406903712,1.0446555719402268,5.930784169005132,3.993422451355115,15.04049553005508,11.33074639549289,16.653471996070845,0
-0.3912420067018393,-0.12450090722577647,1.2628194578656695,1.8804492134148152,7.629100479447987,6.966960532055163,13.278869556073916,10.50132384154304,0
